,model_type,clf,parameters,auc-roc,p_at_5,p_at_10,p_at_20
0,RF,"RandomForestClassifier(bootstrap=True, class_weight=None, criterion='gini',
            max_depth=50, max_features='log2', max_leaf_nodes=None,
            min_impurity_split=1e-07, min_samples_leaf=1,
            min_samples_split=10, min_weight_fraction_leaf=0.0,
            n_estimators=100, n_jobs=-1, oob_score=False,
            random_state=None, verbose=0, warm_start=False)","{'max_depth': 5, 'max_features': 'sqrt', 'min_samples_split': 2, 'n_estimators': 10}",0.804596729709089,0.43733333333333335,0.34,0.224
1,RF,"RandomForestClassifier(bootstrap=True, class_weight=None, criterion='gini',
            max_depth=50, max_features='log2', max_leaf_nodes=None,
            min_impurity_split=1e-07, min_samples_leaf=1,
            min_samples_split=10, min_weight_fraction_leaf=0.0,
            n_estimators=100, n_jobs=-1, oob_score=False,
            random_state=None, verbose=0, warm_start=False)","{'max_depth': 5, 'max_features': 'sqrt', 'min_samples_split': 2, 'n_estimators': 100}",0.8098189479661461,0.46613333333333334,0.34426666666666667,0.224
2,RF,"RandomForestClassifier(bootstrap=True, class_weight=None, criterion='gini',
            max_depth=50, max_features='log2', max_leaf_nodes=None,
            min_impurity_split=1e-07, min_samples_leaf=1,
            min_samples_split=10, min_weight_fraction_leaf=0.0,
            n_estimators=100, n_jobs=-1, oob_score=False,
            random_state=None, verbose=0, warm_start=False)","{'max_depth': 5, 'max_features': 'sqrt', 'min_samples_split': 10, 'n_estimators': 10}",0.8026429534501606,0.44053333333333333,0.33226666666666665,0.224
3,RF,"RandomForestClassifier(bootstrap=True, class_weight=None, criterion='gini',
            max_depth=50, max_features='log2', max_leaf_nodes=None,
            min_impurity_split=1e-07, min_samples_leaf=1,
            min_samples_split=10, min_weight_fraction_leaf=0.0,
            n_estimators=100, n_jobs=-1, oob_score=False,
            random_state=None, verbose=0, warm_start=False)","{'max_depth': 5, 'max_features': 'sqrt', 'min_samples_split': 10, 'n_estimators': 100}",0.8098800935118539,0.45653333333333335,0.34373333333333334,0.224
4,RF,"RandomForestClassifier(bootstrap=True, class_weight=None, criterion='gini',
            max_depth=50, max_features='log2', max_leaf_nodes=None,
            min_impurity_split=1e-07, min_samples_leaf=1,
            min_samples_split=10, min_weight_fraction_leaf=0.0,
            n_estimators=100, n_jobs=-1, oob_score=False,
            random_state=None, verbose=0, warm_start=False)","{'max_depth': 5, 'max_features': 'log2', 'min_samples_split': 2, 'n_estimators': 10}",0.8006705420373184,0.46026666666666666,0.3490666666666667,0.224
5,RF,"RandomForestClassifier(bootstrap=True, class_weight=None, criterion='gini',
            max_depth=50, max_features='log2', max_leaf_nodes=None,
            min_impurity_split=1e-07, min_samples_leaf=1,
            min_samples_split=10, min_weight_fraction_leaf=0.0,
            n_estimators=100, n_jobs=-1, oob_score=False,
            random_state=None, verbose=0, warm_start=False)","{'max_depth': 5, 'max_features': 'log2', 'min_samples_split': 2, 'n_estimators': 100}",0.8099719943628155,0.4528,0.34746666666666665,0.224
6,RF,"RandomForestClassifier(bootstrap=True, class_weight=None, criterion='gini',
            max_depth=50, max_features='log2', max_leaf_nodes=None,
            min_impurity_split=1e-07, min_samples_leaf=1,
            min_samples_split=10, min_weight_fraction_leaf=0.0,
            n_estimators=100, n_jobs=-1, oob_score=False,
            random_state=None, verbose=0, warm_start=False)","{'max_depth': 5, 'max_features': 'log2', 'min_samples_split': 10, 'n_estimators': 10}",0.8074420559883371,0.46826666666666666,0.34346666666666664,0.224
7,RF,"RandomForestClassifier(bootstrap=True, class_weight=None, criterion='gini',
            max_depth=50, max_features='log2', max_leaf_nodes=None,
            min_impurity_split=1e-07, min_samples_leaf=1,
            min_samples_split=10, min_weight_fraction_leaf=0.0,
            n_estimators=100, n_jobs=-1, oob_score=False,
            random_state=None, verbose=0, warm_start=False)","{'max_depth': 5, 'max_features': 'log2', 'min_samples_split': 10, 'n_estimators': 100}",0.8100063553850106,0.4554666666666667,0.3450666666666667,0.224
8,RF,"RandomForestClassifier(bootstrap=True, class_weight=None, criterion='gini',
            max_depth=50, max_features='log2', max_leaf_nodes=None,
            min_impurity_split=1e-07, min_samples_leaf=1,
            min_samples_split=10, min_weight_fraction_leaf=0.0,
            n_estimators=100, n_jobs=-1, oob_score=False,
            random_state=None, verbose=0, warm_start=False)","{'max_depth': 50, 'max_features': 'sqrt', 'min_samples_split': 2, 'n_estimators': 10}",0.7732772364653095,0.4176,0.31493333333333334,0.20973333333333333
9,RF,"RandomForestClassifier(bootstrap=True, class_weight=None, criterion='gini',
            max_depth=50, max_features='log2', max_leaf_nodes=None,
            min_impurity_split=1e-07, min_samples_leaf=1,
            min_samples_split=10, min_weight_fraction_leaf=0.0,
            n_estimators=100, n_jobs=-1, oob_score=False,
            random_state=None, verbose=0, warm_start=False)","{'max_depth': 50, 'max_features': 'sqrt', 'min_samples_split': 2, 'n_estimators': 100}",0.7856637390828637,0.4149333333333333,0.31653333333333333,0.2116
10,RF,"RandomForestClassifier(bootstrap=True, class_weight=None, criterion='gini',
            max_depth=50, max_features='log2', max_leaf_nodes=None,
            min_impurity_split=1e-07, min_samples_leaf=1,
            min_samples_split=10, min_weight_fraction_leaf=0.0,
            n_estimators=100, n_jobs=-1, oob_score=False,
            random_state=None, verbose=0, warm_start=False)","{'max_depth': 50, 'max_features': 'sqrt', 'min_samples_split': 10, 'n_estimators': 10}",0.7981657482029461,0.424,0.3277333333333333,0.21586666666666668
11,RF,"RandomForestClassifier(bootstrap=True, class_weight=None, criterion='gini',
            max_depth=50, max_features='log2', max_leaf_nodes=None,
            min_impurity_split=1e-07, min_samples_leaf=1,
            min_samples_split=10, min_weight_fraction_leaf=0.0,
            n_estimators=100, n_jobs=-1, oob_score=False,
            random_state=None, verbose=0, warm_start=False)","{'max_depth': 50, 'max_features': 'sqrt', 'min_samples_split': 10, 'n_estimators': 100}",0.799251259959375,0.4357333333333333,0.3304,0.21653333333333333
12,RF,"RandomForestClassifier(bootstrap=True, class_weight=None, criterion='gini',
            max_depth=50, max_features='log2', max_leaf_nodes=None,
            min_impurity_split=1e-07, min_samples_leaf=1,
            min_samples_split=10, min_weight_fraction_leaf=0.0,
            n_estimators=100, n_jobs=-1, oob_score=False,
            random_state=None, verbose=0, warm_start=False)","{'max_depth': 50, 'max_features': 'log2', 'min_samples_split': 2, 'n_estimators': 10}",0.7789529775308457,0.41333333333333333,0.316,0.2096
13,RF,"RandomForestClassifier(bootstrap=True, class_weight=None, criterion='gini',
            max_depth=50, max_features='log2', max_leaf_nodes=None,
            min_impurity_split=1e-07, min_samples_leaf=1,
            min_samples_split=10, min_weight_fraction_leaf=0.0,
            n_estimators=100, n_jobs=-1, oob_score=False,
            random_state=None, verbose=0, warm_start=False)","{'max_depth': 50, 'max_features': 'log2', 'min_samples_split': 2, 'n_estimators': 100}",0.7858833957644689,0.41706666666666664,0.3184,0.212
14,RF,"RandomForestClassifier(bootstrap=True, class_weight=None, criterion='gini',
            max_depth=50, max_features='log2', max_leaf_nodes=None,
            min_impurity_split=1e-07, min_samples_leaf=1,
            min_samples_split=10, min_weight_fraction_leaf=0.0,
            n_estimators=100, n_jobs=-1, oob_score=False,
            random_state=None, verbose=0, warm_start=False)","{'max_depth': 50, 'max_features': 'log2', 'min_samples_split': 10, 'n_estimators': 10}",0.796366439285214,0.4362666666666667,0.3277333333333333,0.21533333333333332
15,RF,"RandomForestClassifier(bootstrap=True, class_weight=None, criterion='gini',
            max_depth=50, max_features='log2', max_leaf_nodes=None,
            min_impurity_split=1e-07, min_samples_leaf=1,
            min_samples_split=10, min_weight_fraction_leaf=0.0,
            n_estimators=100, n_jobs=-1, oob_score=False,
            random_state=None, verbose=0, warm_start=False)","{'max_depth': 50, 'max_features': 'log2', 'min_samples_split': 10, 'n_estimators': 100}",0.7995526911560447,0.4378666666666667,0.33253333333333335,0.2176
16,AB,"AdaBoostClassifier(algorithm='SAMME.R',
          base_estimator=DecisionTreeClassifier(class_weight=None, criterion='gini', max_depth=1,
            max_features=None, max_leaf_nodes=None,
            min_impurity_split=1e-07, min_samples_leaf=1,
            min_samples_split=2, min_weight_fraction_leaf=0.0,
            presort=False, random_state=None, splitter='best'),
          learning_rate=1.0, n_estimators=10000, random_state=None)","{'algorithm': 'SAMME', 'n_estimators': 1}",0.6532227173511851,0.464,0.6725333333333333,0.3396
17,AB,"AdaBoostClassifier(algorithm='SAMME.R',
          base_estimator=DecisionTreeClassifier(class_weight=None, criterion='gini', max_depth=1,
            max_features=None, max_leaf_nodes=None,
            min_impurity_split=1e-07, min_samples_leaf=1,
            min_samples_split=2, min_weight_fraction_leaf=0.0,
            presort=False, random_state=None, splitter='best'),
          learning_rate=1.0, n_estimators=10000, random_state=None)","{'algorithm': 'SAMME', 'n_estimators': 10}",0.798932917837921,0.44,0.40826666666666667,0.224
18,AB,"AdaBoostClassifier(algorithm='SAMME.R',
          base_estimator=DecisionTreeClassifier(class_weight=None, criterion='gini', max_depth=1,
            max_features=None, max_leaf_nodes=None,
            min_impurity_split=1e-07, min_samples_leaf=1,
            min_samples_split=2, min_weight_fraction_leaf=0.0,
            presort=False, random_state=None, splitter='best'),
          learning_rate=1.0, n_estimators=10000, random_state=None)","{'algorithm': 'SAMME', 'n_estimators': 100}",0.8071408550633101,0.44,0.35013333333333335,0.224
19,AB,"AdaBoostClassifier(algorithm='SAMME.R',
          base_estimator=DecisionTreeClassifier(class_weight=None, criterion='gini', max_depth=1,
            max_features=None, max_leaf_nodes=None,
            min_impurity_split=1e-07, min_samples_leaf=1,
            min_samples_split=2, min_weight_fraction_leaf=0.0,
            presort=False, random_state=None, splitter='best'),
          learning_rate=1.0, n_estimators=10000, random_state=None)","{'algorithm': 'SAMME', 'n_estimators': 1000}",0.8072415287022202,0.44,0.3408,0.22346666666666667
20,AB,"AdaBoostClassifier(algorithm='SAMME.R',
          base_estimator=DecisionTreeClassifier(class_weight=None, criterion='gini', max_depth=1,
            max_features=None, max_leaf_nodes=None,
            min_impurity_split=1e-07, min_samples_leaf=1,
            min_samples_split=2, min_weight_fraction_leaf=0.0,
            presort=False, random_state=None, splitter='best'),
          learning_rate=1.0, n_estimators=10000, random_state=None)","{'algorithm': 'SAMME', 'n_estimators': 10000}",0.8084486744334259,0.44,0.34,0.22346666666666667
21,AB,"AdaBoostClassifier(algorithm='SAMME.R',
          base_estimator=DecisionTreeClassifier(class_weight=None, criterion='gini', max_depth=1,
            max_features=None, max_leaf_nodes=None,
            min_impurity_split=1e-07, min_samples_leaf=1,
            min_samples_split=2, min_weight_fraction_leaf=0.0,
            presort=False, random_state=None, splitter='best'),
          learning_rate=1.0, n_estimators=10000, random_state=None)","{'algorithm': 'SAMME.R', 'n_estimators': 1}",0.6532227173511851,0.464,0.6725333333333333,0.3396
22,AB,"AdaBoostClassifier(algorithm='SAMME.R',
          base_estimator=DecisionTreeClassifier(class_weight=None, criterion='gini', max_depth=1,
            max_features=None, max_leaf_nodes=None,
            min_impurity_split=1e-07, min_samples_leaf=1,
            min_samples_split=2, min_weight_fraction_leaf=0.0,
            presort=False, random_state=None, splitter='best'),
          learning_rate=1.0, n_estimators=10000, random_state=None)","{'algorithm': 'SAMME.R', 'n_estimators': 10}",0.804858806920384,0.46186666666666665,0.3424,0.2464
23,AB,"AdaBoostClassifier(algorithm='SAMME.R',
          base_estimator=DecisionTreeClassifier(class_weight=None, criterion='gini', max_depth=1,
            max_features=None, max_leaf_nodes=None,
            min_impurity_split=1e-07, min_samples_leaf=1,
            min_samples_split=2, min_weight_fraction_leaf=0.0,
            presort=False, random_state=None, splitter='best'),
          learning_rate=1.0, n_estimators=10000, random_state=None)","{'algorithm': 'SAMME.R', 'n_estimators': 100}",0.8072316944181626,0.4544,0.34426666666666667,0.218
24,AB,"AdaBoostClassifier(algorithm='SAMME.R',
          base_estimator=DecisionTreeClassifier(class_weight=None, criterion='gini', max_depth=1,
            max_features=None, max_leaf_nodes=None,
            min_impurity_split=1e-07, min_samples_leaf=1,
            min_samples_split=2, min_weight_fraction_leaf=0.0,
            presort=False, random_state=None, splitter='best'),
          learning_rate=1.0, n_estimators=10000, random_state=None)","{'algorithm': 'SAMME.R', 'n_estimators': 1000}",0.806051731973558,0.45226666666666665,0.33866666666666667,0.21866666666666668
25,AB,"AdaBoostClassifier(algorithm='SAMME.R',
          base_estimator=DecisionTreeClassifier(class_weight=None, criterion='gini', max_depth=1,
            max_features=None, max_leaf_nodes=None,
            min_impurity_split=1e-07, min_samples_leaf=1,
            min_samples_split=2, min_weight_fraction_leaf=0.0,
            presort=False, random_state=None, splitter='best'),
          learning_rate=1.0, n_estimators=10000, random_state=None)","{'algorithm': 'SAMME.R', 'n_estimators': 10000}",0.8060215158409312,0.4517333333333333,0.33626666666666666,0.21946666666666667
26,LR,"LogisticRegression(C=10, class_weight=None, dual=False, fit_intercept=True,
          intercept_scaling=1, max_iter=100, multi_class='ovr', n_jobs=1,
          penalty='l2', random_state=None, solver='liblinear', tol=0.0001,
          verbose=0, warm_start=False)","{'C': 1e-05, 'penalty': 'l1'}",0.6361923096662498,0.1264,0.1272,0.112
27,LR,"LogisticRegression(C=10, class_weight=None, dual=False, fit_intercept=True,
          intercept_scaling=1, max_iter=100, multi_class='ovr', n_jobs=1,
          penalty='l2', random_state=None, solver='liblinear', tol=0.0001,
          verbose=0, warm_start=False)","{'C': 1e-05, 'penalty': 'l2'}",0.6456513801229811,0.1184,0.11893333333333334,0.11373333333333334
28,LR,"LogisticRegression(C=10, class_weight=None, dual=False, fit_intercept=True,
          intercept_scaling=1, max_iter=100, multi_class='ovr', n_jobs=1,
          penalty='l2', random_state=None, solver='liblinear', tol=0.0001,
          verbose=0, warm_start=False)","{'C': 0.001, 'penalty': 'l1'}",0.7944059233684505,0.41706666666666664,0.30533333333333335,0.21213333333333334
29,LR,"LogisticRegression(C=10, class_weight=None, dual=False, fit_intercept=True,
          intercept_scaling=1, max_iter=100, multi_class='ovr', n_jobs=1,
          penalty='l2', random_state=None, solver='liblinear', tol=0.0001,
          verbose=0, warm_start=False)","{'C': 0.001, 'penalty': 'l2'}",0.8049195031555696,0.43733333333333335,0.3192,0.21666666666666667
30,LR,"LogisticRegression(C=10, class_weight=None, dual=False, fit_intercept=True,
          intercept_scaling=1, max_iter=100, multi_class='ovr', n_jobs=1,
          penalty='l2', random_state=None, solver='liblinear', tol=0.0001,
          verbose=0, warm_start=False)","{'C': 0.1, 'penalty': 'l1'}",0.8093158381251457,0.456,0.33626666666666666,0.21946666666666667
31,LR,"LogisticRegression(C=10, class_weight=None, dual=False, fit_intercept=True,
          intercept_scaling=1, max_iter=100, multi_class='ovr', n_jobs=1,
          penalty='l2', random_state=None, solver='liblinear', tol=0.0001,
          verbose=0, warm_start=False)","{'C': 0.1, 'penalty': 'l2'}",0.8093737879497634,0.45493333333333336,0.3376,0.21973333333333334
32,LR,"LogisticRegression(C=10, class_weight=None, dual=False, fit_intercept=True,
          intercept_scaling=1, max_iter=100, multi_class='ovr', n_jobs=1,
          penalty='l2', random_state=None, solver='liblinear', tol=0.0001,
          verbose=0, warm_start=False)","{'C': 1, 'penalty': 'l1'}",0.8094046555826478,0.45493333333333336,0.3376,0.2196
33,LR,"LogisticRegression(C=10, class_weight=None, dual=False, fit_intercept=True,
          intercept_scaling=1, max_iter=100, multi_class='ovr', n_jobs=1,
          penalty='l2', random_state=None, solver='liblinear', tol=0.0001,
          verbose=0, warm_start=False)","{'C': 1, 'penalty': 'l2'}",0.8094156861559713,0.4554666666666667,0.33786666666666665,0.2196
34,LR,"LogisticRegression(C=10, class_weight=None, dual=False, fit_intercept=True,
          intercept_scaling=1, max_iter=100, multi_class='ovr', n_jobs=1,
          penalty='l2', random_state=None, solver='liblinear', tol=0.0001,
          verbose=0, warm_start=False)","{'C': 10, 'penalty': 'l1'}",0.8089936487823444,0.4544,0.3354666666666667,0.21933333333333332
35,LR,"LogisticRegression(C=10, class_weight=None, dual=False, fit_intercept=True,
          intercept_scaling=1, max_iter=100, multi_class='ovr', n_jobs=1,
          penalty='l2', random_state=None, solver='liblinear', tol=0.0001,
          verbose=0, warm_start=False)","{'C': 10, 'penalty': 'l2'}",0.8094114064732459,0.4544,0.33626666666666666,0.2196
36,SVM,"SVC(C=10, cache_size=200, class_weight=None, coef0=0.0,
  decision_function_shape=None, degree=3, gamma='auto', kernel='linear',
  max_iter=-1, probability=True, random_state=0, shrinking=True, tol=0.001,
  verbose=False)","{'C': 1e-05, 'kernel': 'linear'}",0.7242961328820594,0.4533333333333333,0.34053333333333335,0.22106666666666666
37,SVM,"SVC(C=10, cache_size=200, class_weight=None, coef0=0.0,
  decision_function_shape=None, degree=3, gamma='auto', kernel='linear',
  max_iter=-1, probability=True, random_state=0, shrinking=True, tol=0.001,
  verbose=False)","{'C': 0.0001, 'kernel': 'linear'}",0.7668174148400144,0.4613333333333333,0.3432,0.2212
38,SVM,"SVC(C=10, cache_size=200, class_weight=None, coef0=0.0,
  decision_function_shape=None, degree=3, gamma='auto', kernel='linear',
  max_iter=-1, probability=True, random_state=0, shrinking=True, tol=0.001,
  verbose=False)","{'C': 0.001, 'kernel': 'linear'}",0.7611641505333581,0.4608,0.3429333333333333,0.2212
39,SVM,"SVC(C=10, cache_size=200, class_weight=None, coef0=0.0,
  decision_function_shape=None, degree=3, gamma='auto', kernel='linear',
  max_iter=-1, probability=True, random_state=0, shrinking=True, tol=0.001,
  verbose=False)","{'C': 0.01, 'kernel': 'linear'}",0.7241378520178048,0.45066666666666666,0.3408,0.22106666666666666
40,SVM,"SVC(C=10, cache_size=200, class_weight=None, coef0=0.0,
  decision_function_shape=None, degree=3, gamma='auto', kernel='linear',
  max_iter=-1, probability=True, random_state=0, shrinking=True, tol=0.001,
  verbose=False)","{'C': 0.1, 'kernel': 'linear'}",0.8083648499391032,0.45653333333333335,0.3424,0.22066666666666668
41,SVM,"SVC(C=10, cache_size=200, class_weight=None, coef0=0.0,
  decision_function_shape=None, degree=3, gamma='auto', kernel='linear',
  max_iter=-1, probability=True, random_state=0, shrinking=True, tol=0.001,
  verbose=False)","{'C': 1, 'kernel': 'linear'}",0.6977973596289622,0.43146666666666667,0.3016,0.18533333333333332
42,SVM,"SVC(C=10, cache_size=200, class_weight=None, coef0=0.0,
  decision_function_shape=None, degree=3, gamma='auto', kernel='linear',
  max_iter=-1, probability=True, random_state=0, shrinking=True, tol=0.001,
  verbose=False)","{'C': 10, 'kernel': 'linear'}",0.8074138505202977,0.4570666666666667,0.3344,0.21946666666666667
43,GB,"GradientBoostingClassifier(criterion='friedman_mse', init=None,
              learning_rate=0.5, loss='deviance', max_depth=50,
              max_features=None, max_leaf_nodes=None,
              min_impurity_split=1e-07, min_samples_leaf=1,
              min_samples_split=2, min_weight_fraction_leaf=0.0,
              n_estimators=100, presort='auto', random_state=None,
              subsample=1.0, verbose=0, warm_start=False)","{'learning_rate': 0.001, 'max_depth': 5, 'n_estimators': 10, 'subsample': 0.1}",0.8103085447931869,0.4608,0.34613333333333335,0.22306666666666666
44,GB,"GradientBoostingClassifier(criterion='friedman_mse', init=None,
              learning_rate=0.5, loss='deviance', max_depth=50,
              max_features=None, max_leaf_nodes=None,
              min_impurity_split=1e-07, min_samples_leaf=1,
              min_samples_split=2, min_weight_fraction_leaf=0.0,
              n_estimators=100, presort='auto', random_state=None,
              subsample=1.0, verbose=0, warm_start=False)","{'learning_rate': 0.001, 'max_depth': 5, 'n_estimators': 10, 'subsample': 0.5}",0.8105560250288876,0.4597333333333333,0.36293333333333333,0.224
45,GB,"GradientBoostingClassifier(criterion='friedman_mse', init=None,
              learning_rate=0.5, loss='deviance', max_depth=50,
              max_features=None, max_leaf_nodes=None,
              min_impurity_split=1e-07, min_samples_leaf=1,
              min_samples_split=2, min_weight_fraction_leaf=0.0,
              n_estimators=100, presort='auto', random_state=None,
              subsample=1.0, verbose=0, warm_start=False)","{'learning_rate': 0.001, 'max_depth': 5, 'n_estimators': 10, 'subsample': 1.0}",0.8071917507127272,0.4576,0.364,0.224
46,GB,"GradientBoostingClassifier(criterion='friedman_mse', init=None,
              learning_rate=0.5, loss='deviance', max_depth=50,
              max_features=None, max_leaf_nodes=None,
              min_impurity_split=1e-07, min_samples_leaf=1,
              min_samples_split=2, min_weight_fraction_leaf=0.0,
              n_estimators=100, presort='auto', random_state=None,
              subsample=1.0, verbose=0, warm_start=False)","{'learning_rate': 0.001, 'max_depth': 5, 'n_estimators': 100, 'subsample': 0.1}",0.8104958511171841,0.4613333333333333,0.344,0.22106666666666666
47,GB,"GradientBoostingClassifier(criterion='friedman_mse', init=None,
              learning_rate=0.5, loss='deviance', max_depth=50,
              max_features=None, max_leaf_nodes=None,
              min_impurity_split=1e-07, min_samples_leaf=1,
              min_samples_split=2, min_weight_fraction_leaf=0.0,
              n_estimators=100, presort='auto', random_state=None,
              subsample=1.0, verbose=0, warm_start=False)","{'learning_rate': 0.001, 'max_depth': 5, 'n_estimators': 100, 'subsample': 0.5}",0.8105242363094326,0.4597333333333333,0.34613333333333335,0.224
48,GB,"GradientBoostingClassifier(criterion='friedman_mse', init=None,
              learning_rate=0.5, loss='deviance', max_depth=50,
              max_features=None, max_leaf_nodes=None,
              min_impurity_split=1e-07, min_samples_leaf=1,
              min_samples_split=2, min_weight_fraction_leaf=0.0,
              n_estimators=100, presort='auto', random_state=None,
              subsample=1.0, verbose=0, warm_start=False)","{'learning_rate': 0.001, 'max_depth': 5, 'n_estimators': 100, 'subsample': 1.0}",0.8077912264280046,0.4592,0.364,0.224
49,GB,"GradientBoostingClassifier(criterion='friedman_mse', init=None,
              learning_rate=0.5, loss='deviance', max_depth=50,
              max_features=None, max_leaf_nodes=None,
              min_impurity_split=1e-07, min_samples_leaf=1,
              min_samples_split=2, min_weight_fraction_leaf=0.0,
              n_estimators=100, presort='auto', random_state=None,
              subsample=1.0, verbose=0, warm_start=False)","{'learning_rate': 0.001, 'max_depth': 50, 'n_estimators': 10, 'subsample': 0.1}",0.7925686140132921,0.4261333333333333,0.32426666666666665,0.21266666666666667
50,GB,"GradientBoostingClassifier(criterion='friedman_mse', init=None,
              learning_rate=0.5, loss='deviance', max_depth=50,
              max_features=None, max_leaf_nodes=None,
              min_impurity_split=1e-07, min_samples_leaf=1,
              min_samples_split=2, min_weight_fraction_leaf=0.0,
              n_estimators=100, presort='auto', random_state=None,
              subsample=1.0, verbose=0, warm_start=False)","{'learning_rate': 0.001, 'max_depth': 50, 'n_estimators': 10, 'subsample': 0.5}",0.7868182930174303,0.4266666666666667,0.324,0.21226666666666666
51,GB,"GradientBoostingClassifier(criterion='friedman_mse', init=None,
              learning_rate=0.5, loss='deviance', max_depth=50,
              max_features=None, max_leaf_nodes=None,
              min_impurity_split=1e-07, min_samples_leaf=1,
              min_samples_split=2, min_weight_fraction_leaf=0.0,
              n_estimators=100, presort='auto', random_state=None,
              subsample=1.0, verbose=0, warm_start=False)","{'learning_rate': 0.001, 'max_depth': 50, 'n_estimators': 10, 'subsample': 1.0}",0.7262916332393679,0.4144,0.2986666666666667,0.19306666666666666
52,GB,"GradientBoostingClassifier(criterion='friedman_mse', init=None,
              learning_rate=0.5, loss='deviance', max_depth=50,
              max_features=None, max_leaf_nodes=None,
              min_impurity_split=1e-07, min_samples_leaf=1,
              min_samples_split=2, min_weight_fraction_leaf=0.0,
              n_estimators=100, presort='auto', random_state=None,
              subsample=1.0, verbose=0, warm_start=False)","{'learning_rate': 0.001, 'max_depth': 50, 'n_estimators': 100, 'subsample': 0.1}",0.8061576456964349,0.45066666666666666,0.33653333333333335,0.21906666666666666
53,GB,"GradientBoostingClassifier(criterion='friedman_mse', init=None,
              learning_rate=0.5, loss='deviance', max_depth=50,
              max_features=None, max_leaf_nodes=None,
              min_impurity_split=1e-07, min_samples_leaf=1,
              min_samples_split=2, min_weight_fraction_leaf=0.0,
              n_estimators=100, presort='auto', random_state=None,
              subsample=1.0, verbose=0, warm_start=False)","{'learning_rate': 0.001, 'max_depth': 50, 'n_estimators': 100, 'subsample': 0.5}",0.7938661554052096,0.42506666666666665,0.3221333333333333,0.21586666666666668
54,GB,"GradientBoostingClassifier(criterion='friedman_mse', init=None,
              learning_rate=0.5, loss='deviance', max_depth=50,
              max_features=None, max_leaf_nodes=None,
              min_impurity_split=1e-07, min_samples_leaf=1,
              min_samples_split=2, min_weight_fraction_leaf=0.0,
              n_estimators=100, presort='auto', random_state=None,
              subsample=1.0, verbose=0, warm_start=False)","{'learning_rate': 0.001, 'max_depth': 50, 'n_estimators': 100, 'subsample': 1.0}",0.7263105267468319,0.41546666666666665,0.2984,0.1932
55,GB,"GradientBoostingClassifier(criterion='friedman_mse', init=None,
              learning_rate=0.5, loss='deviance', max_depth=50,
              max_features=None, max_leaf_nodes=None,
              min_impurity_split=1e-07, min_samples_leaf=1,
              min_samples_split=2, min_weight_fraction_leaf=0.0,
              n_estimators=100, presort='auto', random_state=None,
              subsample=1.0, verbose=0, warm_start=False)","{'learning_rate': 0.1, 'max_depth': 5, 'n_estimators': 10, 'subsample': 0.1}",0.809898116480181,0.46026666666666666,0.3469333333333333,0.22106666666666666
56,GB,"GradientBoostingClassifier(criterion='friedman_mse', init=None,
              learning_rate=0.5, loss='deviance', max_depth=50,
              max_features=None, max_leaf_nodes=None,
              min_impurity_split=1e-07, min_samples_leaf=1,
              min_samples_split=2, min_weight_fraction_leaf=0.0,
              n_estimators=100, presort='auto', random_state=None,
              subsample=1.0, verbose=0, warm_start=False)","{'learning_rate': 0.1, 'max_depth': 5, 'n_estimators': 10, 'subsample': 0.5}",0.8105215853773509,0.46026666666666666,0.3552,0.22346666666666667
57,GB,"GradientBoostingClassifier(criterion='friedman_mse', init=None,
              learning_rate=0.5, loss='deviance', max_depth=50,
              max_features=None, max_leaf_nodes=None,
              min_impurity_split=1e-07, min_samples_leaf=1,
              min_samples_split=2, min_weight_fraction_leaf=0.0,
              n_estimators=100, presort='auto', random_state=None,
              subsample=1.0, verbose=0, warm_start=False)","{'learning_rate': 0.1, 'max_depth': 5, 'n_estimators': 10, 'subsample': 1.0}",0.8104430065833763,0.4624,0.35946666666666666,0.224
58,GB,"GradientBoostingClassifier(criterion='friedman_mse', init=None,
              learning_rate=0.5, loss='deviance', max_depth=50,
              max_features=None, max_leaf_nodes=None,
              min_impurity_split=1e-07, min_samples_leaf=1,
              min_samples_split=2, min_weight_fraction_leaf=0.0,
              n_estimators=100, presort='auto', random_state=None,
              subsample=1.0, verbose=0, warm_start=False)","{'learning_rate': 0.1, 'max_depth': 5, 'n_estimators': 100, 'subsample': 0.1}",0.8090241008029954,0.44693333333333335,0.34346666666666664,0.22026666666666667
59,GB,"GradientBoostingClassifier(criterion='friedman_mse', init=None,
              learning_rate=0.5, loss='deviance', max_depth=50,
              max_features=None, max_leaf_nodes=None,
              min_impurity_split=1e-07, min_samples_leaf=1,
              min_samples_split=2, min_weight_fraction_leaf=0.0,
              n_estimators=100, presort='auto', random_state=None,
              subsample=1.0, verbose=0, warm_start=False)","{'learning_rate': 0.1, 'max_depth': 5, 'n_estimators': 100, 'subsample': 0.5}",0.8099731401046473,0.4554666666666667,0.3432,0.22013333333333332
60,GB,"GradientBoostingClassifier(criterion='friedman_mse', init=None,
              learning_rate=0.5, loss='deviance', max_depth=50,
              max_features=None, max_leaf_nodes=None,
              min_impurity_split=1e-07, min_samples_leaf=1,
              min_samples_split=2, min_weight_fraction_leaf=0.0,
              n_estimators=100, presort='auto', random_state=None,
              subsample=1.0, verbose=0, warm_start=False)","{'learning_rate': 0.1, 'max_depth': 5, 'n_estimators': 100, 'subsample': 1.0}",0.8103044616838153,0.4592,0.34933333333333333,0.21946666666666667
61,GB,"GradientBoostingClassifier(criterion='friedman_mse', init=None,
              learning_rate=0.5, loss='deviance', max_depth=50,
              max_features=None, max_leaf_nodes=None,
              min_impurity_split=1e-07, min_samples_leaf=1,
              min_samples_split=2, min_weight_fraction_leaf=0.0,
              n_estimators=100, presort='auto', random_state=None,
              subsample=1.0, verbose=0, warm_start=False)","{'learning_rate': 0.1, 'max_depth': 50, 'n_estimators': 10, 'subsample': 0.1}",0.7885740918274561,0.41013333333333335,0.3224,0.21066666666666667
62,GB,"GradientBoostingClassifier(criterion='friedman_mse', init=None,
              learning_rate=0.5, loss='deviance', max_depth=50,
              max_features=None, max_leaf_nodes=None,
              min_impurity_split=1e-07, min_samples_leaf=1,
              min_samples_split=2, min_weight_fraction_leaf=0.0,
              n_estimators=100, presort='auto', random_state=None,
              subsample=1.0, verbose=0, warm_start=False)","{'learning_rate': 0.1, 'max_depth': 50, 'n_estimators': 10, 'subsample': 0.5}",0.7779220513864986,0.40746666666666664,0.316,0.20933333333333334
63,GB,"GradientBoostingClassifier(criterion='friedman_mse', init=None,
              learning_rate=0.5, loss='deviance', max_depth=50,
              max_features=None, max_leaf_nodes=None,
              min_impurity_split=1e-07, min_samples_leaf=1,
              min_samples_split=2, min_weight_fraction_leaf=0.0,
              n_estimators=100, presort='auto', random_state=None,
              subsample=1.0, verbose=0, warm_start=False)","{'learning_rate': 0.1, 'max_depth': 50, 'n_estimators': 10, 'subsample': 1.0}",0.7304392973003593,0.40853333333333336,0.2992,0.19413333333333332
64,GB,"GradientBoostingClassifier(criterion='friedman_mse', init=None,
              learning_rate=0.5, loss='deviance', max_depth=50,
              max_features=None, max_leaf_nodes=None,
              min_impurity_split=1e-07, min_samples_leaf=1,
              min_samples_split=2, min_weight_fraction_leaf=0.0,
              n_estimators=100, presort='auto', random_state=None,
              subsample=1.0, verbose=0, warm_start=False)","{'learning_rate': 0.1, 'max_depth': 50, 'n_estimators': 100, 'subsample': 0.1}",0.7522013716304505,0.39413333333333334,0.30746666666666667,0.20186666666666667
65,GB,"GradientBoostingClassifier(criterion='friedman_mse', init=None,
              learning_rate=0.5, loss='deviance', max_depth=50,
              max_features=None, max_leaf_nodes=None,
              min_impurity_split=1e-07, min_samples_leaf=1,
              min_samples_split=2, min_weight_fraction_leaf=0.0,
              n_estimators=100, presort='auto', random_state=None,
              subsample=1.0, verbose=0, warm_start=False)","{'learning_rate': 0.1, 'max_depth': 50, 'n_estimators': 100, 'subsample': 0.5}",0.7459176235660941,0.39093333333333335,0.3032,0.19973333333333335
66,GB,"GradientBoostingClassifier(criterion='friedman_mse', init=None,
              learning_rate=0.5, loss='deviance', max_depth=50,
              max_features=None, max_leaf_nodes=None,
              min_impurity_split=1e-07, min_samples_leaf=1,
              min_samples_split=2, min_weight_fraction_leaf=0.0,
              n_estimators=100, presort='auto', random_state=None,
              subsample=1.0, verbose=0, warm_start=False)","{'learning_rate': 0.1, 'max_depth': 50, 'n_estimators': 100, 'subsample': 1.0}",0.7274500063133745,0.4096,0.2962666666666667,0.19266666666666668
67,GB,"GradientBoostingClassifier(criterion='friedman_mse', init=None,
              learning_rate=0.5, loss='deviance', max_depth=50,
              max_features=None, max_leaf_nodes=None,
              min_impurity_split=1e-07, min_samples_leaf=1,
              min_samples_split=2, min_weight_fraction_leaf=0.0,
              n_estimators=100, presort='auto', random_state=None,
              subsample=1.0, verbose=0, warm_start=False)","{'learning_rate': 0.5, 'max_depth': 5, 'n_estimators': 10, 'subsample': 0.1}",0.7915751996811782,0.43146666666666667,0.3416,0.21626666666666666
68,GB,"GradientBoostingClassifier(criterion='friedman_mse', init=None,
              learning_rate=0.5, loss='deviance', max_depth=50,
              max_features=None, max_leaf_nodes=None,
              min_impurity_split=1e-07, min_samples_leaf=1,
              min_samples_split=2, min_weight_fraction_leaf=0.0,
              n_estimators=100, presort='auto', random_state=None,
              subsample=1.0, verbose=0, warm_start=False)","{'learning_rate': 0.5, 'max_depth': 5, 'n_estimators': 10, 'subsample': 0.5}",0.8074374505554831,0.4384,0.3456,0.22506666666666666
69,GB,"GradientBoostingClassifier(criterion='friedman_mse', init=None,
              learning_rate=0.5, loss='deviance', max_depth=50,
              max_features=None, max_leaf_nodes=None,
              min_impurity_split=1e-07, min_samples_leaf=1,
              min_samples_split=2, min_weight_fraction_leaf=0.0,
              n_estimators=100, presort='auto', random_state=None,
              subsample=1.0, verbose=0, warm_start=False)","{'learning_rate': 0.5, 'max_depth': 5, 'n_estimators': 10, 'subsample': 1.0}",0.8078154105668691,0.45386666666666664,0.34453333333333336,0.21906666666666666
70,GB,"GradientBoostingClassifier(criterion='friedman_mse', init=None,
              learning_rate=0.5, loss='deviance', max_depth=50,
              max_features=None, max_leaf_nodes=None,
              min_impurity_split=1e-07, min_samples_leaf=1,
              min_samples_split=2, min_weight_fraction_leaf=0.0,
              n_estimators=100, presort='auto', random_state=None,
              subsample=1.0, verbose=0, warm_start=False)","{'learning_rate': 0.5, 'max_depth': 5, 'n_estimators': 100, 'subsample': 0.1}",0.7505967152637556,0.3973333333333333,0.32613333333333333,0.20026666666666668
71,GB,"GradientBoostingClassifier(criterion='friedman_mse', init=None,
              learning_rate=0.5, loss='deviance', max_depth=50,
              max_features=None, max_leaf_nodes=None,
              min_impurity_split=1e-07, min_samples_leaf=1,
              min_samples_split=2, min_weight_fraction_leaf=0.0,
              n_estimators=100, presort='auto', random_state=None,
              subsample=1.0, verbose=0, warm_start=False)","{'learning_rate': 0.5, 'max_depth': 5, 'n_estimators': 100, 'subsample': 0.5}",0.7988537268583599,0.4224,0.33253333333333335,0.21813333333333335
72,GB,"GradientBoostingClassifier(criterion='friedman_mse', init=None,
              learning_rate=0.5, loss='deviance', max_depth=50,
              max_features=None, max_leaf_nodes=None,
              min_impurity_split=1e-07, min_samples_leaf=1,
              min_samples_split=2, min_weight_fraction_leaf=0.0,
              n_estimators=100, presort='auto', random_state=None,
              subsample=1.0, verbose=0, warm_start=False)","{'learning_rate': 0.5, 'max_depth': 5, 'n_estimators': 100, 'subsample': 1.0}",0.8038460947013362,0.43733333333333335,0.3368,0.21773333333333333
73,GB,"GradientBoostingClassifier(criterion='friedman_mse', init=None,
              learning_rate=0.5, loss='deviance', max_depth=50,
              max_features=None, max_leaf_nodes=None,
              min_impurity_split=1e-07, min_samples_leaf=1,
              min_samples_split=2, min_weight_fraction_leaf=0.0,
              n_estimators=100, presort='auto', random_state=None,
              subsample=1.0, verbose=0, warm_start=False)","{'learning_rate': 0.5, 'max_depth': 50, 'n_estimators': 10, 'subsample': 0.1}",0.5920926953218272,0.32426666666666665,0.22933333333333333,0.1516
74,GB,"GradientBoostingClassifier(criterion='friedman_mse', init=None,
              learning_rate=0.5, loss='deviance', max_depth=50,
              max_features=None, max_leaf_nodes=None,
              min_impurity_split=1e-07, min_samples_leaf=1,
              min_samples_split=2, min_weight_fraction_leaf=0.0,
              n_estimators=100, presort='auto', random_state=None,
              subsample=1.0, verbose=0, warm_start=False)","{'learning_rate': 0.5, 'max_depth': 50, 'n_estimators': 10, 'subsample': 0.5}",0.7114253802326801,0.38826666666666665,0.28186666666666665,0.1876
75,GB,"GradientBoostingClassifier(criterion='friedman_mse', init=None,
              learning_rate=0.5, loss='deviance', max_depth=50,
              max_features=None, max_leaf_nodes=None,
              min_impurity_split=1e-07, min_samples_leaf=1,
              min_samples_split=2, min_weight_fraction_leaf=0.0,
              n_estimators=100, presort='auto', random_state=None,
              subsample=1.0, verbose=0, warm_start=False)","{'learning_rate': 0.5, 'max_depth': 50, 'n_estimators': 10, 'subsample': 1.0}",0.7326142522802874,0.4064,0.29973333333333335,0.1944
76,GB,"GradientBoostingClassifier(criterion='friedman_mse', init=None,
              learning_rate=0.5, loss='deviance', max_depth=50,
              max_features=None, max_leaf_nodes=None,
              min_impurity_split=1e-07, min_samples_leaf=1,
              min_samples_split=2, min_weight_fraction_leaf=0.0,
              n_estimators=100, presort='auto', random_state=None,
              subsample=1.0, verbose=0, warm_start=False)","{'learning_rate': 0.5, 'max_depth': 50, 'n_estimators': 100, 'subsample': 0.1}",0.5899181615705137,0.36746666666666666,0.2024,0.15186666666666668
77,GB,"GradientBoostingClassifier(criterion='friedman_mse', init=None,
              learning_rate=0.5, loss='deviance', max_depth=50,
              max_features=None, max_leaf_nodes=None,
              min_impurity_split=1e-07, min_samples_leaf=1,
              min_samples_split=2, min_weight_fraction_leaf=0.0,
              n_estimators=100, presort='auto', random_state=None,
              subsample=1.0, verbose=0, warm_start=False)","{'learning_rate': 0.5, 'max_depth': 50, 'n_estimators': 100, 'subsample': 0.5}",0.6998904333825766,0.3834666666666667,0.2850666666666667,0.18546666666666667
78,GB,"GradientBoostingClassifier(criterion='friedman_mse', init=None,
              learning_rate=0.5, loss='deviance', max_depth=50,
              max_features=None, max_leaf_nodes=None,
              min_impurity_split=1e-07, min_samples_leaf=1,
              min_samples_split=2, min_weight_fraction_leaf=0.0,
              n_estimators=100, presort='auto', random_state=None,
              subsample=1.0, verbose=0, warm_start=False)","{'learning_rate': 0.5, 'max_depth': 50, 'n_estimators': 100, 'subsample': 1.0}",0.7173955207852115,0.3984,0.29146666666666665,0.1912
79,DT,"DecisionTreeClassifier(class_weight=None, criterion='entropy', max_depth=100,
            max_features='log2', max_leaf_nodes=None,
            min_impurity_split=1e-07, min_samples_leaf=1,
            min_samples_split=10, min_weight_fraction_leaf=0.0,
            presort=False, random_state=None, splitter='best')","{'criterion': 'gini', 'max_depth': 1, 'max_features': 'sqrt', 'min_samples_split': 2}",0.5020163539819265,0.9946666666666667,0.6792,0.3396
80,DT,"DecisionTreeClassifier(class_weight=None, criterion='entropy', max_depth=100,
            max_features='log2', max_leaf_nodes=None,
            min_impurity_split=1e-07, min_samples_leaf=1,
            min_samples_split=10, min_weight_fraction_leaf=0.0,
            presort=False, random_state=None, splitter='best')","{'criterion': 'gini', 'max_depth': 1, 'max_features': 'sqrt', 'min_samples_split': 5}",0.6190091981839183,0.3722666666666667,0.6792,0.3396
81,DT,"DecisionTreeClassifier(class_weight=None, criterion='entropy', max_depth=100,
            max_features='log2', max_leaf_nodes=None,
            min_impurity_split=1e-07, min_samples_leaf=1,
            min_samples_split=10, min_weight_fraction_leaf=0.0,
            presort=False, random_state=None, splitter='best')","{'criterion': 'gini', 'max_depth': 1, 'max_features': 'sqrt', 'min_samples_split': 10}",0.5067095147153184,0.9866666666666667,0.6792,0.3396
82,DT,"DecisionTreeClassifier(class_weight=None, criterion='entropy', max_depth=100,
            max_features='log2', max_leaf_nodes=None,
            min_impurity_split=1e-07, min_samples_leaf=1,
            min_samples_split=10, min_weight_fraction_leaf=0.0,
            presort=False, random_state=None, splitter='best')","{'criterion': 'gini', 'max_depth': 1, 'max_features': 'log2', 'min_samples_split': 2}",0.5261021219239823,0.9338666666666666,0.6792,0.3396
83,DT,"DecisionTreeClassifier(class_weight=None, criterion='entropy', max_depth=100,
            max_features='log2', max_leaf_nodes=None,
            min_impurity_split=1e-07, min_samples_leaf=1,
            min_samples_split=10, min_weight_fraction_leaf=0.0,
            presort=False, random_state=None, splitter='best')","{'criterion': 'gini', 'max_depth': 1, 'max_features': 'log2', 'min_samples_split': 5}",0.5184761990836964,0.9642666666666667,0.6792,0.3396
84,DT,"DecisionTreeClassifier(class_weight=None, criterion='entropy', max_depth=100,
            max_features='log2', max_leaf_nodes=None,
            min_impurity_split=1e-07, min_samples_leaf=1,
            min_samples_split=10, min_weight_fraction_leaf=0.0,
            presort=False, random_state=None, splitter='best')","{'criterion': 'gini', 'max_depth': 1, 'max_features': 'log2', 'min_samples_split': 10}",0.5261021219239823,0.9338666666666666,0.6792,0.3396
85,DT,"DecisionTreeClassifier(class_weight=None, criterion='entropy', max_depth=100,
            max_features='log2', max_leaf_nodes=None,
            min_impurity_split=1e-07, min_samples_leaf=1,
            min_samples_split=10, min_weight_fraction_leaf=0.0,
            presort=False, random_state=None, splitter='best')","{'criterion': 'gini', 'max_depth': 5, 'max_features': 'sqrt', 'min_samples_split': 2}",0.7127991696202375,0.4096,0.5810666666666666,0.2905333333333333
86,DT,"DecisionTreeClassifier(class_weight=None, criterion='entropy', max_depth=100,
            max_features='log2', max_leaf_nodes=None,
            min_impurity_split=1e-07, min_samples_leaf=1,
            min_samples_split=10, min_weight_fraction_leaf=0.0,
            presort=False, random_state=None, splitter='best')","{'criterion': 'gini', 'max_depth': 5, 'max_features': 'sqrt', 'min_samples_split': 5}",0.7228310323636011,0.47413333333333335,0.3472,0.3396
87,DT,"DecisionTreeClassifier(class_weight=None, criterion='entropy', max_depth=100,
            max_features='log2', max_leaf_nodes=None,
            min_impurity_split=1e-07, min_samples_leaf=1,
            min_samples_split=10, min_weight_fraction_leaf=0.0,
            presort=False, random_state=None, splitter='best')","{'criterion': 'gini', 'max_depth': 5, 'max_features': 'sqrt', 'min_samples_split': 10}",0.745882582961734,0.4165333333333333,0.3314666666666667,0.24213333333333334
88,DT,"DecisionTreeClassifier(class_weight=None, criterion='entropy', max_depth=100,
            max_features='log2', max_leaf_nodes=None,
            min_impurity_split=1e-07, min_samples_leaf=1,
            min_samples_split=10, min_weight_fraction_leaf=0.0,
            presort=False, random_state=None, splitter='best')","{'criterion': 'gini', 'max_depth': 5, 'max_features': 'log2', 'min_samples_split': 2}",0.6629302340612401,0.4624,0.648,0.3394666666666667
89,DT,"DecisionTreeClassifier(class_weight=None, criterion='entropy', max_depth=100,
            max_features='log2', max_leaf_nodes=None,
            min_impurity_split=1e-07, min_samples_leaf=1,
            min_samples_split=10, min_weight_fraction_leaf=0.0,
            presort=False, random_state=None, splitter='best')","{'criterion': 'gini', 'max_depth': 5, 'max_features': 'log2', 'min_samples_split': 5}",0.6188588588831458,0.39253333333333335,0.5144,0.3390666666666667
90,DT,"DecisionTreeClassifier(class_weight=None, criterion='entropy', max_depth=100,
            max_features='log2', max_leaf_nodes=None,
            min_impurity_split=1e-07, min_samples_leaf=1,
            min_samples_split=10, min_weight_fraction_leaf=0.0,
            presort=False, random_state=None, splitter='best')","{'criterion': 'gini', 'max_depth': 5, 'max_features': 'log2', 'min_samples_split': 10}",0.7012053406261822,0.5008,0.34586666666666666,0.3396
91,DT,"DecisionTreeClassifier(class_weight=None, criterion='entropy', max_depth=100,
            max_features='log2', max_leaf_nodes=None,
            min_impurity_split=1e-07, min_samples_leaf=1,
            min_samples_split=10, min_weight_fraction_leaf=0.0,
            presort=False, random_state=None, splitter='best')","{'criterion': 'gini', 'max_depth': 10, 'max_features': 'sqrt', 'min_samples_split': 2}",0.7603385255994277,0.47786666666666666,0.37093333333333334,0.2996
92,DT,"DecisionTreeClassifier(class_weight=None, criterion='entropy', max_depth=100,
            max_features='log2', max_leaf_nodes=None,
            min_impurity_split=1e-07, min_samples_leaf=1,
            min_samples_split=10, min_weight_fraction_leaf=0.0,
            presort=False, random_state=None, splitter='best')","{'criterion': 'gini', 'max_depth': 10, 'max_features': 'sqrt', 'min_samples_split': 5}",0.7828928860226921,0.44106666666666666,0.3194666666666667,0.23173333333333335
93,DT,"DecisionTreeClassifier(class_weight=None, criterion='entropy', max_depth=100,
            max_features='log2', max_leaf_nodes=None,
            min_impurity_split=1e-07, min_samples_leaf=1,
            min_samples_split=10, min_weight_fraction_leaf=0.0,
            presort=False, random_state=None, splitter='best')","{'criterion': 'gini', 'max_depth': 10, 'max_features': 'sqrt', 'min_samples_split': 10}",0.7814803211370575,0.4864,0.34346666666666664,0.30466666666666664
94,DT,"DecisionTreeClassifier(class_weight=None, criterion='entropy', max_depth=100,
            max_features='log2', max_leaf_nodes=None,
            min_impurity_split=1e-07, min_samples_leaf=1,
            min_samples_split=10, min_weight_fraction_leaf=0.0,
            presort=False, random_state=None, splitter='best')","{'criterion': 'gini', 'max_depth': 10, 'max_features': 'log2', 'min_samples_split': 2}",0.793657989840213,0.4533333333333333,0.3496,0.22693333333333332
95,DT,"DecisionTreeClassifier(class_weight=None, criterion='entropy', max_depth=100,
            max_features='log2', max_leaf_nodes=None,
            min_impurity_split=1e-07, min_samples_leaf=1,
            min_samples_split=10, min_weight_fraction_leaf=0.0,
            presort=False, random_state=None, splitter='best')","{'criterion': 'gini', 'max_depth': 10, 'max_features': 'log2', 'min_samples_split': 5}",0.7986480381176175,0.44266666666666665,0.34933333333333333,0.22653333333333334
96,DT,"DecisionTreeClassifier(class_weight=None, criterion='entropy', max_depth=100,
            max_features='log2', max_leaf_nodes=None,
            min_impurity_split=1e-07, min_samples_leaf=1,
            min_samples_split=10, min_weight_fraction_leaf=0.0,
            presort=False, random_state=None, splitter='best')","{'criterion': 'gini', 'max_depth': 10, 'max_features': 'log2', 'min_samples_split': 10}",0.7968986756808242,0.4512,0.34453333333333336,0.21693333333333334
97,DT,"DecisionTreeClassifier(class_weight=None, criterion='entropy', max_depth=100,
            max_features='log2', max_leaf_nodes=None,
            min_impurity_split=1e-07, min_samples_leaf=1,
            min_samples_split=10, min_weight_fraction_leaf=0.0,
            presort=False, random_state=None, splitter='best')","{'criterion': 'gini', 'max_depth': 20, 'max_features': 'sqrt', 'min_samples_split': 2}",0.7289625989540431,0.40213333333333334,0.3005333333333333,0.19493333333333332
98,DT,"DecisionTreeClassifier(class_weight=None, criterion='entropy', max_depth=100,
            max_features='log2', max_leaf_nodes=None,
            min_impurity_split=1e-07, min_samples_leaf=1,
            min_samples_split=10, min_weight_fraction_leaf=0.0,
            presort=False, random_state=None, splitter='best')","{'criterion': 'gini', 'max_depth': 20, 'max_features': 'sqrt', 'min_samples_split': 5}",0.7484331671547133,0.40746666666666664,0.34746666666666665,0.20293333333333333
99,DT,"DecisionTreeClassifier(class_weight=None, criterion='entropy', max_depth=100,
            max_features='log2', max_leaf_nodes=None,
            min_impurity_split=1e-07, min_samples_leaf=1,
            min_samples_split=10, min_weight_fraction_leaf=0.0,
            presort=False, random_state=None, splitter='best')","{'criterion': 'gini', 'max_depth': 20, 'max_features': 'sqrt', 'min_samples_split': 10}",0.777140986823621,0.4202666666666667,0.3264,0.21093333333333333
100,DT,"DecisionTreeClassifier(class_weight=None, criterion='entropy', max_depth=100,
            max_features='log2', max_leaf_nodes=None,
            min_impurity_split=1e-07, min_samples_leaf=1,
            min_samples_split=10, min_weight_fraction_leaf=0.0,
            presort=False, random_state=None, splitter='best')","{'criterion': 'gini', 'max_depth': 20, 'max_features': 'log2', 'min_samples_split': 2}",0.7545848010763591,0.41226666666666667,0.32053333333333334,0.20613333333333334
101,DT,"DecisionTreeClassifier(class_weight=None, criterion='entropy', max_depth=100,
            max_features='log2', max_leaf_nodes=None,
            min_impurity_split=1e-07, min_samples_leaf=1,
            min_samples_split=10, min_weight_fraction_leaf=0.0,
            presort=False, random_state=None, splitter='best')","{'criterion': 'gini', 'max_depth': 20, 'max_features': 'log2', 'min_samples_split': 5}",0.7529074125688621,0.4165333333333333,0.3128,0.20293333333333333
102,DT,"DecisionTreeClassifier(class_weight=None, criterion='entropy', max_depth=100,
            max_features='log2', max_leaf_nodes=None,
            min_impurity_split=1e-07, min_samples_leaf=1,
            min_samples_split=10, min_weight_fraction_leaf=0.0,
            presort=False, random_state=None, splitter='best')","{'criterion': 'gini', 'max_depth': 20, 'max_features': 'log2', 'min_samples_split': 10}",0.7839892486282352,0.4421333333333333,0.3328,0.21386666666666668
103,DT,"DecisionTreeClassifier(class_weight=None, criterion='entropy', max_depth=100,
            max_features='log2', max_leaf_nodes=None,
            min_impurity_split=1e-07, min_samples_leaf=1,
            min_samples_split=10, min_weight_fraction_leaf=0.0,
            presort=False, random_state=None, splitter='best')","{'criterion': 'gini', 'max_depth': 50, 'max_features': 'sqrt', 'min_samples_split': 2}",0.7147481775712476,0.4048,0.29173333333333334,0.19066666666666668
104,DT,"DecisionTreeClassifier(class_weight=None, criterion='entropy', max_depth=100,
            max_features='log2', max_leaf_nodes=None,
            min_impurity_split=1e-07, min_samples_leaf=1,
            min_samples_split=10, min_weight_fraction_leaf=0.0,
            presort=False, random_state=None, splitter='best')","{'criterion': 'gini', 'max_depth': 50, 'max_features': 'sqrt', 'min_samples_split': 5}",0.7394946060889596,0.41333333333333333,0.30746666666666667,0.19733333333333333
105,DT,"DecisionTreeClassifier(class_weight=None, criterion='entropy', max_depth=100,
            max_features='log2', max_leaf_nodes=None,
            min_impurity_split=1e-07, min_samples_leaf=1,
            min_samples_split=10, min_weight_fraction_leaf=0.0,
            presort=False, random_state=None, splitter='best')","{'criterion': 'gini', 'max_depth': 50, 'max_features': 'sqrt', 'min_samples_split': 10}",0.7670177792510668,0.4208,0.31893333333333335,0.20746666666666666
106,DT,"DecisionTreeClassifier(class_weight=None, criterion='entropy', max_depth=100,
            max_features='log2', max_leaf_nodes=None,
            min_impurity_split=1e-07, min_samples_leaf=1,
            min_samples_split=10, min_weight_fraction_leaf=0.0,
            presort=False, random_state=None, splitter='best')","{'criterion': 'gini', 'max_depth': 50, 'max_features': 'log2', 'min_samples_split': 2}",0.7087173969473461,0.39626666666666666,0.28826666666666667,0.18893333333333334
107,DT,"DecisionTreeClassifier(class_weight=None, criterion='entropy', max_depth=100,
            max_features='log2', max_leaf_nodes=None,
            min_impurity_split=1e-07, min_samples_leaf=1,
            min_samples_split=10, min_weight_fraction_leaf=0.0,
            presort=False, random_state=None, splitter='best')","{'criterion': 'gini', 'max_depth': 50, 'max_features': 'log2', 'min_samples_split': 5}",0.7409187856515965,0.4090666666666667,0.308,0.19786666666666666
108,DT,"DecisionTreeClassifier(class_weight=None, criterion='entropy', max_depth=100,
            max_features='log2', max_leaf_nodes=None,
            min_impurity_split=1e-07, min_samples_leaf=1,
            min_samples_split=10, min_weight_fraction_leaf=0.0,
            presort=False, random_state=None, splitter='best')","{'criterion': 'gini', 'max_depth': 50, 'max_features': 'log2', 'min_samples_split': 10}",0.7651962069969533,0.416,0.3181333333333333,0.20693333333333333
109,DT,"DecisionTreeClassifier(class_weight=None, criterion='entropy', max_depth=100,
            max_features='log2', max_leaf_nodes=None,
            min_impurity_split=1e-07, min_samples_leaf=1,
            min_samples_split=10, min_weight_fraction_leaf=0.0,
            presort=False, random_state=None, splitter='best')","{'criterion': 'gini', 'max_depth': 100, 'max_features': 'sqrt', 'min_samples_split': 2}",0.714886447268114,0.4053333333333333,0.292,0.19106666666666666
110,DT,"DecisionTreeClassifier(class_weight=None, criterion='entropy', max_depth=100,
            max_features='log2', max_leaf_nodes=None,
            min_impurity_split=1e-07, min_samples_leaf=1,
            min_samples_split=10, min_weight_fraction_leaf=0.0,
            presort=False, random_state=None, splitter='best')","{'criterion': 'gini', 'max_depth': 100, 'max_features': 'sqrt', 'min_samples_split': 5}",0.7379578124602815,0.41226666666666667,0.3056,0.1972
111,DT,"DecisionTreeClassifier(class_weight=None, criterion='entropy', max_depth=100,
            max_features='log2', max_leaf_nodes=None,
            min_impurity_split=1e-07, min_samples_leaf=1,
            min_samples_split=10, min_weight_fraction_leaf=0.0,
            presort=False, random_state=None, splitter='best')","{'criterion': 'gini', 'max_depth': 100, 'max_features': 'sqrt', 'min_samples_split': 10}",0.7676330706967305,0.41706666666666664,0.31866666666666665,0.20786666666666667
112,DT,"DecisionTreeClassifier(class_weight=None, criterion='entropy', max_depth=100,
            max_features='log2', max_leaf_nodes=None,
            min_impurity_split=1e-07, min_samples_leaf=1,
            min_samples_split=10, min_weight_fraction_leaf=0.0,
            presort=False, random_state=None, splitter='best')","{'criterion': 'gini', 'max_depth': 100, 'max_features': 'log2', 'min_samples_split': 2}",0.7133052505270665,0.4016,0.2909333333333333,0.19053333333333333
113,DT,"DecisionTreeClassifier(class_weight=None, criterion='entropy', max_depth=100,
            max_features='log2', max_leaf_nodes=None,
            min_impurity_split=1e-07, min_samples_leaf=1,
            min_samples_split=10, min_weight_fraction_leaf=0.0,
            presort=False, random_state=None, splitter='best')","{'criterion': 'gini', 'max_depth': 100, 'max_features': 'log2', 'min_samples_split': 5}",0.7428540503170049,0.4069333333333333,0.30933333333333335,0.19853333333333334
114,DT,"DecisionTreeClassifier(class_weight=None, criterion='entropy', max_depth=100,
            max_features='log2', max_leaf_nodes=None,
            min_impurity_split=1e-07, min_samples_leaf=1,
            min_samples_split=10, min_weight_fraction_leaf=0.0,
            presort=False, random_state=None, splitter='best')","{'criterion': 'gini', 'max_depth': 100, 'max_features': 'log2', 'min_samples_split': 10}",0.7681548269244073,0.4186666666666667,0.3197333333333333,0.20773333333333333
115,DT,"DecisionTreeClassifier(class_weight=None, criterion='entropy', max_depth=100,
            max_features='log2', max_leaf_nodes=None,
            min_impurity_split=1e-07, min_samples_leaf=1,
            min_samples_split=10, min_weight_fraction_leaf=0.0,
            presort=False, random_state=None, splitter='best')","{'criterion': 'entropy', 'max_depth': 1, 'max_features': 'sqrt', 'min_samples_split': 2}",0.5617764956252712,0.2976,0.1488,0.3396
116,DT,"DecisionTreeClassifier(class_weight=None, criterion='entropy', max_depth=100,
            max_features='log2', max_leaf_nodes=None,
            min_impurity_split=1e-07, min_samples_leaf=1,
            min_samples_split=10, min_weight_fraction_leaf=0.0,
            presort=False, random_state=None, splitter='best')","{'criterion': 'entropy', 'max_depth': 1, 'max_features': 'sqrt', 'min_samples_split': 5}",0.5438422492772307,0.5413333333333333,0.6792,0.3396
117,DT,"DecisionTreeClassifier(class_weight=None, criterion='entropy', max_depth=100,
            max_features='log2', max_leaf_nodes=None,
            min_impurity_split=1e-07, min_samples_leaf=1,
            min_samples_split=10, min_weight_fraction_leaf=0.0,
            presort=False, random_state=None, splitter='best')","{'criterion': 'entropy', 'max_depth': 1, 'max_features': 'sqrt', 'min_samples_split': 10}",0.6532227173511851,0.464,0.6725333333333333,0.3396
118,DT,"DecisionTreeClassifier(class_weight=None, criterion='entropy', max_depth=100,
            max_features='log2', max_leaf_nodes=None,
            min_impurity_split=1e-07, min_samples_leaf=1,
            min_samples_split=10, min_weight_fraction_leaf=0.0,
            presort=False, random_state=None, splitter='best')","{'criterion': 'entropy', 'max_depth': 1, 'max_features': 'log2', 'min_samples_split': 2}",0.5261021219239823,0.9338666666666666,0.6792,0.3396
119,DT,"DecisionTreeClassifier(class_weight=None, criterion='entropy', max_depth=100,
            max_features='log2', max_leaf_nodes=None,
            min_impurity_split=1e-07, min_samples_leaf=1,
            min_samples_split=10, min_weight_fraction_leaf=0.0,
            presort=False, random_state=None, splitter='best')","{'criterion': 'entropy', 'max_depth': 1, 'max_features': 'log2', 'min_samples_split': 5}",0.575783459107143,0.5392,0.6792,0.3396
120,DT,"DecisionTreeClassifier(class_weight=None, criterion='entropy', max_depth=100,
            max_features='log2', max_leaf_nodes=None,
            min_impurity_split=1e-07, min_samples_leaf=1,
            min_samples_split=10, min_weight_fraction_leaf=0.0,
            presort=False, random_state=None, splitter='best')","{'criterion': 'entropy', 'max_depth': 1, 'max_features': 'log2', 'min_samples_split': 10}",0.6532227173511851,0.464,0.6725333333333333,0.3396
121,DT,"DecisionTreeClassifier(class_weight=None, criterion='entropy', max_depth=100,
            max_features='log2', max_leaf_nodes=None,
            min_impurity_split=1e-07, min_samples_leaf=1,
            min_samples_split=10, min_weight_fraction_leaf=0.0,
            presort=False, random_state=None, splitter='best')","{'criterion': 'entropy', 'max_depth': 5, 'max_features': 'sqrt', 'min_samples_split': 2}",0.7607714419040765,0.3877333333333333,0.37306666666666666,0.224
122,DT,"DecisionTreeClassifier(class_weight=None, criterion='entropy', max_depth=100,
            max_features='log2', max_leaf_nodes=None,
            min_impurity_split=1e-07, min_samples_leaf=1,
            min_samples_split=10, min_weight_fraction_leaf=0.0,
            presort=False, random_state=None, splitter='best')","{'criterion': 'entropy', 'max_depth': 5, 'max_features': 'sqrt', 'min_samples_split': 5}",0.7441103169210647,0.4048,0.3272,0.242
123,DT,"DecisionTreeClassifier(class_weight=None, criterion='entropy', max_depth=100,
            max_features='log2', max_leaf_nodes=None,
            min_impurity_split=1e-07, min_samples_leaf=1,
            min_samples_split=10, min_weight_fraction_leaf=0.0,
            presort=False, random_state=None, splitter='best')","{'criterion': 'entropy', 'max_depth': 5, 'max_features': 'sqrt', 'min_samples_split': 10}",0.7475369780032507,0.424,0.3453333333333333,0.24226666666666666
124,DT,"DecisionTreeClassifier(class_weight=None, criterion='entropy', max_depth=100,
            max_features='log2', max_leaf_nodes=None,
            min_impurity_split=1e-07, min_samples_leaf=1,
            min_samples_split=10, min_weight_fraction_leaf=0.0,
            presort=False, random_state=None, splitter='best')","{'criterion': 'entropy', 'max_depth': 5, 'max_features': 'log2', 'min_samples_split': 2}",0.75420466190894,0.41546666666666665,0.36373333333333335,0.3062666666666667
125,DT,"DecisionTreeClassifier(class_weight=None, criterion='entropy', max_depth=100,
            max_features='log2', max_leaf_nodes=None,
            min_impurity_split=1e-07, min_samples_leaf=1,
            min_samples_split=10, min_weight_fraction_leaf=0.0,
            presort=False, random_state=None, splitter='best')","{'criterion': 'entropy', 'max_depth': 5, 'max_features': 'log2', 'min_samples_split': 5}",0.7189561110224285,0.4298666666666667,0.3701333333333333,0.3396
126,DT,"DecisionTreeClassifier(class_weight=None, criterion='entropy', max_depth=100,
            max_features='log2', max_leaf_nodes=None,
            min_impurity_split=1e-07, min_samples_leaf=1,
            min_samples_split=10, min_weight_fraction_leaf=0.0,
            presort=False, random_state=None, splitter='best')","{'criterion': 'entropy', 'max_depth': 5, 'max_features': 'log2', 'min_samples_split': 10}",0.6605622721300626,0.39466666666666667,0.4805333333333333,0.3393333333333333
127,DT,"DecisionTreeClassifier(class_weight=None, criterion='entropy', max_depth=100,
            max_features='log2', max_leaf_nodes=None,
            min_impurity_split=1e-07, min_samples_leaf=1,
            min_samples_split=10, min_weight_fraction_leaf=0.0,
            presort=False, random_state=None, splitter='best')","{'criterion': 'entropy', 'max_depth': 10, 'max_features': 'sqrt', 'min_samples_split': 2}",0.7951527055384746,0.4629333333333333,0.3448,0.2184
128,DT,"DecisionTreeClassifier(class_weight=None, criterion='entropy', max_depth=100,
            max_features='log2', max_leaf_nodes=None,
            min_impurity_split=1e-07, min_samples_leaf=1,
            min_samples_split=10, min_weight_fraction_leaf=0.0,
            presort=False, random_state=None, splitter='best')","{'criterion': 'entropy', 'max_depth': 10, 'max_features': 'sqrt', 'min_samples_split': 5}",0.757257710059044,0.4805333333333333,0.33653333333333335,0.23426666666666668
129,DT,"DecisionTreeClassifier(class_weight=None, criterion='entropy', max_depth=100,
            max_features='log2', max_leaf_nodes=None,
            min_impurity_split=1e-07, min_samples_leaf=1,
            min_samples_split=10, min_weight_fraction_leaf=0.0,
            presort=False, random_state=None, splitter='best')","{'criterion': 'entropy', 'max_depth': 10, 'max_features': 'sqrt', 'min_samples_split': 10}",0.7780595572554769,0.5109333333333334,0.4010666666666667,0.2328
130,DT,"DecisionTreeClassifier(class_weight=None, criterion='entropy', max_depth=100,
            max_features='log2', max_leaf_nodes=None,
            min_impurity_split=1e-07, min_samples_leaf=1,
            min_samples_split=10, min_weight_fraction_leaf=0.0,
            presort=False, random_state=None, splitter='best')","{'criterion': 'entropy', 'max_depth': 10, 'max_features': 'log2', 'min_samples_split': 2}",0.7830853481849332,0.4149333333333333,0.3194666666666667,0.23426666666666668
131,DT,"DecisionTreeClassifier(class_weight=None, criterion='entropy', max_depth=100,
            max_features='log2', max_leaf_nodes=None,
            min_impurity_split=1e-07, min_samples_leaf=1,
            min_samples_split=10, min_weight_fraction_leaf=0.0,
            presort=False, random_state=None, splitter='best')","{'criterion': 'entropy', 'max_depth': 10, 'max_features': 'log2', 'min_samples_split': 5}",0.8000086851723966,0.4458666666666667,0.3368,0.2176
132,DT,"DecisionTreeClassifier(class_weight=None, criterion='entropy', max_depth=100,
            max_features='log2', max_leaf_nodes=None,
            min_impurity_split=1e-07, min_samples_leaf=1,
            min_samples_split=10, min_weight_fraction_leaf=0.0,
            presort=False, random_state=None, splitter='best')","{'criterion': 'entropy', 'max_depth': 10, 'max_features': 'log2', 'min_samples_split': 10}",0.8038010625542353,0.46826666666666666,0.3410666666666667,0.226
133,DT,"DecisionTreeClassifier(class_weight=None, criterion='entropy', max_depth=100,
            max_features='log2', max_leaf_nodes=None,
            min_impurity_split=1e-07, min_samples_leaf=1,
            min_samples_split=10, min_weight_fraction_leaf=0.0,
            presort=False, random_state=None, splitter='best')","{'criterion': 'entropy', 'max_depth': 20, 'max_features': 'sqrt', 'min_samples_split': 2}",0.7335509692408644,0.3994666666666667,0.3021333333333333,0.196
134,DT,"DecisionTreeClassifier(class_weight=None, criterion='entropy', max_depth=100,
            max_features='log2', max_leaf_nodes=None,
            min_impurity_split=1e-07, min_samples_leaf=1,
            min_samples_split=10, min_weight_fraction_leaf=0.0,
            presort=False, random_state=None, splitter='best')","{'criterion': 'entropy', 'max_depth': 20, 'max_features': 'sqrt', 'min_samples_split': 5}",0.7507551140720224,0.416,0.31306666666666666,0.2012
135,DT,"DecisionTreeClassifier(class_weight=None, criterion='entropy', max_depth=100,
            max_features='log2', max_leaf_nodes=None,
            min_impurity_split=1e-07, min_samples_leaf=1,
            min_samples_split=10, min_weight_fraction_leaf=0.0,
            presort=False, random_state=None, splitter='best')","{'criterion': 'entropy', 'max_depth': 20, 'max_features': 'sqrt', 'min_samples_split': 10}",0.776089897869584,0.43093333333333333,0.3248,0.21013333333333334
136,DT,"DecisionTreeClassifier(class_weight=None, criterion='entropy', max_depth=100,
            max_features='log2', max_leaf_nodes=None,
            min_impurity_split=1e-07, min_samples_leaf=1,
            min_samples_split=10, min_weight_fraction_leaf=0.0,
            presort=False, random_state=None, splitter='best')","{'criterion': 'entropy', 'max_depth': 20, 'max_features': 'log2', 'min_samples_split': 2}",0.7445154826845778,0.4784,0.31306666666666666,0.20053333333333334
137,DT,"DecisionTreeClassifier(class_weight=None, criterion='entropy', max_depth=100,
            max_features='log2', max_leaf_nodes=None,
            min_impurity_split=1e-07, min_samples_leaf=1,
            min_samples_split=10, min_weight_fraction_leaf=0.0,
            presort=False, random_state=None, splitter='best')","{'criterion': 'entropy', 'max_depth': 20, 'max_features': 'log2', 'min_samples_split': 5}",0.756131103238966,0.4186666666666667,0.3138666666666667,0.20386666666666667
138,DT,"DecisionTreeClassifier(class_weight=None, criterion='entropy', max_depth=100,
            max_features='log2', max_leaf_nodes=None,
            min_impurity_split=1e-07, min_samples_leaf=1,
            min_samples_split=10, min_weight_fraction_leaf=0.0,
            presort=False, random_state=None, splitter='best')","{'criterion': 'entropy', 'max_depth': 20, 'max_features': 'log2', 'min_samples_split': 10}",0.7730261842109564,0.4282666666666667,0.32426666666666665,0.20946666666666666
139,DT,"DecisionTreeClassifier(class_weight=None, criterion='entropy', max_depth=100,
            max_features='log2', max_leaf_nodes=None,
            min_impurity_split=1e-07, min_samples_leaf=1,
            min_samples_split=10, min_weight_fraction_leaf=0.0,
            presort=False, random_state=None, splitter='best')","{'criterion': 'entropy', 'max_depth': 50, 'max_features': 'sqrt', 'min_samples_split': 2}",0.7110312450424902,0.3968,0.28986666666666666,0.18973333333333334
140,DT,"DecisionTreeClassifier(class_weight=None, criterion='entropy', max_depth=100,
            max_features='log2', max_leaf_nodes=None,
            min_impurity_split=1e-07, min_samples_leaf=1,
            min_samples_split=10, min_weight_fraction_leaf=0.0,
            presort=False, random_state=None, splitter='best')","{'criterion': 'entropy', 'max_depth': 50, 'max_features': 'sqrt', 'min_samples_split': 5}",0.738735378017467,0.4090666666666667,0.30693333333333334,0.19706666666666667
141,DT,"DecisionTreeClassifier(class_weight=None, criterion='entropy', max_depth=100,
            max_features='log2', max_leaf_nodes=None,
            min_impurity_split=1e-07, min_samples_leaf=1,
            min_samples_split=10, min_weight_fraction_leaf=0.0,
            presort=False, random_state=None, splitter='best')","{'criterion': 'entropy', 'max_depth': 50, 'max_features': 'sqrt', 'min_samples_split': 10}",0.7654950883564089,0.41813333333333336,0.31866666666666665,0.20693333333333333
142,DT,"DecisionTreeClassifier(class_weight=None, criterion='entropy', max_depth=100,
            max_features='log2', max_leaf_nodes=None,
            min_impurity_split=1e-07, min_samples_leaf=1,
            min_samples_split=10, min_weight_fraction_leaf=0.0,
            presort=False, random_state=None, splitter='best')","{'criterion': 'entropy', 'max_depth': 50, 'max_features': 'log2', 'min_samples_split': 2}",0.7129813762698063,0.40213333333333334,0.2912,0.1904
143,DT,"DecisionTreeClassifier(class_weight=None, criterion='entropy', max_depth=100,
            max_features='log2', max_leaf_nodes=None,
            min_impurity_split=1e-07, min_samples_leaf=1,
            min_samples_split=10, min_weight_fraction_leaf=0.0,
            presort=False, random_state=None, splitter='best')","{'criterion': 'entropy', 'max_depth': 50, 'max_features': 'log2', 'min_samples_split': 5}",0.7408404820603169,0.4144,0.3082666666666667,0.19773333333333334
144,DT,"DecisionTreeClassifier(class_weight=None, criterion='entropy', max_depth=100,
            max_features='log2', max_leaf_nodes=None,
            min_impurity_split=1e-07, min_samples_leaf=1,
            min_samples_split=10, min_weight_fraction_leaf=0.0,
            presort=False, random_state=None, splitter='best')","{'criterion': 'entropy', 'max_depth': 50, 'max_features': 'log2', 'min_samples_split': 10}",0.7639261521762395,0.416,0.3176,0.2064
145,DT,"DecisionTreeClassifier(class_weight=None, criterion='entropy', max_depth=100,
            max_features='log2', max_leaf_nodes=None,
            min_impurity_split=1e-07, min_samples_leaf=1,
            min_samples_split=10, min_weight_fraction_leaf=0.0,
            presort=False, random_state=None, splitter='best')","{'criterion': 'entropy', 'max_depth': 100, 'max_features': 'sqrt', 'min_samples_split': 2}",0.715236280440802,0.40586666666666665,0.2922666666666667,0.19106666666666666
146,DT,"DecisionTreeClassifier(class_weight=None, criterion='entropy', max_depth=100,
            max_features='log2', max_leaf_nodes=None,
            min_impurity_split=1e-07, min_samples_leaf=1,
            min_samples_split=10, min_weight_fraction_leaf=0.0,
            presort=False, random_state=None, splitter='best')","{'criterion': 'entropy', 'max_depth': 100, 'max_features': 'sqrt', 'min_samples_split': 5}",0.736490892234208,0.40426666666666666,0.30533333333333335,0.19653333333333334
147,DT,"DecisionTreeClassifier(class_weight=None, criterion='entropy', max_depth=100,
            max_features='log2', max_leaf_nodes=None,
            min_impurity_split=1e-07, min_samples_leaf=1,
            min_samples_split=10, min_weight_fraction_leaf=0.0,
            presort=False, random_state=None, splitter='best')","{'criterion': 'entropy', 'max_depth': 100, 'max_features': 'sqrt', 'min_samples_split': 10}",0.759118507121757,0.41173333333333334,0.31466666666666665,0.2048
148,DT,"DecisionTreeClassifier(class_weight=None, criterion='entropy', max_depth=100,
            max_features='log2', max_leaf_nodes=None,
            min_impurity_split=1e-07, min_samples_leaf=1,
            min_samples_split=10, min_weight_fraction_leaf=0.0,
            presort=False, random_state=None, splitter='best')","{'criterion': 'entropy', 'max_depth': 100, 'max_features': 'log2', 'min_samples_split': 2}",0.7141174860074313,0.40373333333333333,0.29146666666666665,0.1908
149,DT,"DecisionTreeClassifier(class_weight=None, criterion='entropy', max_depth=100,
            max_features='log2', max_leaf_nodes=None,
            min_impurity_split=1e-07, min_samples_leaf=1,
            min_samples_split=10, min_weight_fraction_leaf=0.0,
            presort=False, random_state=None, splitter='best')","{'criterion': 'entropy', 'max_depth': 100, 'max_features': 'log2', 'min_samples_split': 5}",0.7374362303404322,0.40746666666666664,0.3056,0.19666666666666666
150,DT,"DecisionTreeClassifier(class_weight=None, criterion='entropy', max_depth=100,
            max_features='log2', max_leaf_nodes=None,
            min_impurity_split=1e-07, min_samples_leaf=1,
            min_samples_split=10, min_weight_fraction_leaf=0.0,
            presort=False, random_state=None, splitter='best')","{'criterion': 'entropy', 'max_depth': 100, 'max_features': 'log2', 'min_samples_split': 10}",0.7638808167445362,0.4149333333333333,0.3157333333333333,0.20653333333333335
151,KNN,"KNeighborsClassifier(algorithm='kd_tree', leaf_size=30, metric='minkowski',
           metric_params=None, n_jobs=1, n_neighbors=100, p=2,
           weights='distance')","{'algorithm': 'auto', 'n_neighbors': 1, 'weights': 'uniform'}",0.5816123195823083,0.2848,0.5672,0.3396
152,KNN,"KNeighborsClassifier(algorithm='kd_tree', leaf_size=30, metric='minkowski',
           metric_params=None, n_jobs=1, n_neighbors=100, p=2,
           weights='distance')","{'algorithm': 'auto', 'n_neighbors': 1, 'weights': 'distance'}",0.5816123195823083,0.2848,0.5672,0.3396
153,KNN,"KNeighborsClassifier(algorithm='kd_tree', leaf_size=30, metric='minkowski',
           metric_params=None, n_jobs=1, n_neighbors=100, p=2,
           weights='distance')","{'algorithm': 'auto', 'n_neighbors': 5, 'weights': 'uniform'}",0.6987274492593346,0.4053333333333333,0.3472,0.3396
154,KNN,"KNeighborsClassifier(algorithm='kd_tree', leaf_size=30, metric='minkowski',
           metric_params=None, n_jobs=1, n_neighbors=100, p=2,
           weights='distance')","{'algorithm': 'auto', 'n_neighbors': 5, 'weights': 'distance'}",0.6845369480454716,0.36906666666666665,0.3216,0.3396
155,KNN,"KNeighborsClassifier(algorithm='kd_tree', leaf_size=30, metric='minkowski',
           metric_params=None, n_jobs=1, n_neighbors=100, p=2,
           weights='distance')","{'algorithm': 'auto', 'n_neighbors': 10, 'weights': 'uniform'}",0.7366550197516344,0.45066666666666666,0.3277333333333333,0.2172
156,KNN,"KNeighborsClassifier(algorithm='kd_tree', leaf_size=30, metric='minkowski',
           metric_params=None, n_jobs=1, n_neighbors=100, p=2,
           weights='distance')","{'algorithm': 'auto', 'n_neighbors': 10, 'weights': 'distance'}",0.7150720237466003,0.40746666666666664,0.3032,0.19933333333333333
157,KNN,"KNeighborsClassifier(algorithm='kd_tree', leaf_size=30, metric='minkowski',
           metric_params=None, n_jobs=1, n_neighbors=100, p=2,
           weights='distance')","{'algorithm': 'auto', 'n_neighbors': 25, 'weights': 'uniform'}",0.7598052220913268,0.4144,0.3312,0.22946666666666668
158,KNN,"KNeighborsClassifier(algorithm='kd_tree', leaf_size=30, metric='minkowski',
           metric_params=None, n_jobs=1, n_neighbors=100, p=2,
           weights='distance')","{'algorithm': 'auto', 'n_neighbors': 25, 'weights': 'distance'}",0.7293427493542257,0.4128,0.30186666666666667,0.21213333333333334
159,KNN,"KNeighborsClassifier(algorithm='kd_tree', leaf_size=30, metric='minkowski',
           metric_params=None, n_jobs=1, n_neighbors=100, p=2,
           weights='distance')","{'algorithm': 'auto', 'n_neighbors': 50, 'weights': 'uniform'}",0.7721407841284114,0.41973333333333335,0.3216,0.22853333333333334
160,KNN,"KNeighborsClassifier(algorithm='kd_tree', leaf_size=30, metric='minkowski',
           metric_params=None, n_jobs=1, n_neighbors=100, p=2,
           weights='distance')","{'algorithm': 'auto', 'n_neighbors': 50, 'weights': 'distance'}",0.7378850129229009,0.40426666666666666,0.3048,0.21453333333333333
161,KNN,"KNeighborsClassifier(algorithm='kd_tree', leaf_size=30, metric='minkowski',
           metric_params=None, n_jobs=1, n_neighbors=100, p=2,
           weights='distance')","{'algorithm': 'auto', 'n_neighbors': 100, 'weights': 'uniform'}",0.7824776388543342,0.40586666666666665,0.31866666666666665,0.21706666666666666
162,KNN,"KNeighborsClassifier(algorithm='kd_tree', leaf_size=30, metric='minkowski',
           metric_params=None, n_jobs=1, n_neighbors=100, p=2,
           weights='distance')","{'algorithm': 'auto', 'n_neighbors': 100, 'weights': 'distance'}",0.7462075973444445,0.4,0.312,0.20306666666666667
163,KNN,"KNeighborsClassifier(algorithm='kd_tree', leaf_size=30, metric='minkowski',
           metric_params=None, n_jobs=1, n_neighbors=100, p=2,
           weights='distance')","{'algorithm': 'ball_tree', 'n_neighbors': 1, 'weights': 'uniform'}",0.581401705274965,0.28426666666666667,0.5669333333333333,0.3396
164,KNN,"KNeighborsClassifier(algorithm='kd_tree', leaf_size=30, metric='minkowski',
           metric_params=None, n_jobs=1, n_neighbors=100, p=2,
           weights='distance')","{'algorithm': 'ball_tree', 'n_neighbors': 1, 'weights': 'distance'}",0.581401705274965,0.28426666666666667,0.5669333333333333,0.3396
165,KNN,"KNeighborsClassifier(algorithm='kd_tree', leaf_size=30, metric='minkowski',
           metric_params=None, n_jobs=1, n_neighbors=100, p=2,
           weights='distance')","{'algorithm': 'ball_tree', 'n_neighbors': 5, 'weights': 'uniform'}",0.6985091405092965,0.4128,0.34613333333333335,0.3396
166,KNN,"KNeighborsClassifier(algorithm='kd_tree', leaf_size=30, metric='minkowski',
           metric_params=None, n_jobs=1, n_neighbors=100, p=2,
           weights='distance')","{'algorithm': 'ball_tree', 'n_neighbors': 5, 'weights': 'distance'}",0.6840028975586275,0.36693333333333333,0.32106666666666667,0.3396
167,KNN,"KNeighborsClassifier(algorithm='kd_tree', leaf_size=30, metric='minkowski',
           metric_params=None, n_jobs=1, n_neighbors=100, p=2,
           weights='distance')","{'algorithm': 'ball_tree', 'n_neighbors': 10, 'weights': 'uniform'}",0.7371069475077594,0.44906666666666667,0.32693333333333335,0.21773333333333333
168,KNN,"KNeighborsClassifier(algorithm='kd_tree', leaf_size=30, metric='minkowski',
           metric_params=None, n_jobs=1, n_neighbors=100, p=2,
           weights='distance')","{'algorithm': 'ball_tree', 'n_neighbors': 10, 'weights': 'distance'}",0.7149122264593328,0.40746666666666664,0.30293333333333333,0.19933333333333333
169,KNN,"KNeighborsClassifier(algorithm='kd_tree', leaf_size=30, metric='minkowski',
           metric_params=None, n_jobs=1, n_neighbors=100, p=2,
           weights='distance')","{'algorithm': 'ball_tree', 'n_neighbors': 25, 'weights': 'uniform'}",0.7596698785292373,0.4128,0.3304,0.2292
170,KNN,"KNeighborsClassifier(algorithm='kd_tree', leaf_size=30, metric='minkowski',
           metric_params=None, n_jobs=1, n_neighbors=100, p=2,
           weights='distance')","{'algorithm': 'ball_tree', 'n_neighbors': 25, 'weights': 'distance'}",0.7293459001442636,0.41333333333333333,0.30266666666666664,0.2116
171,KNN,"KNeighborsClassifier(algorithm='kd_tree', leaf_size=30, metric='minkowski',
           metric_params=None, n_jobs=1, n_neighbors=100, p=2,
           weights='distance')","{'algorithm': 'ball_tree', 'n_neighbors': 50, 'weights': 'uniform'}",0.7719502876997055,0.43306666666666666,0.3154666666666667,0.23026666666666668
172,KNN,"KNeighborsClassifier(algorithm='kd_tree', leaf_size=30, metric='minkowski',
           metric_params=None, n_jobs=1, n_neighbors=100, p=2,
           weights='distance')","{'algorithm': 'ball_tree', 'n_neighbors': 50, 'weights': 'distance'}",0.7376416888095315,0.40426666666666666,0.3048,0.21413333333333334
173,KNN,"KNeighborsClassifier(algorithm='kd_tree', leaf_size=30, metric='minkowski',
           metric_params=None, n_jobs=1, n_neighbors=100, p=2,
           weights='distance')","{'algorithm': 'ball_tree', 'n_neighbors': 100, 'weights': 'uniform'}",0.7816042409791168,0.38826666666666665,0.31893333333333335,0.21653333333333333
174,KNN,"KNeighborsClassifier(algorithm='kd_tree', leaf_size=30, metric='minkowski',
           metric_params=None, n_jobs=1, n_neighbors=100, p=2,
           weights='distance')","{'algorithm': 'ball_tree', 'n_neighbors': 100, 'weights': 'distance'}",0.7459015494821579,0.4,0.31146666666666667,0.2028
175,KNN,"KNeighborsClassifier(algorithm='kd_tree', leaf_size=30, metric='minkowski',
           metric_params=None, n_jobs=1, n_neighbors=100, p=2,
           weights='distance')","{'algorithm': 'kd_tree', 'n_neighbors': 1, 'weights': 'uniform'}",0.5816123195823083,0.2848,0.5672,0.3396
176,KNN,"KNeighborsClassifier(algorithm='kd_tree', leaf_size=30, metric='minkowski',
           metric_params=None, n_jobs=1, n_neighbors=100, p=2,
           weights='distance')","{'algorithm': 'kd_tree', 'n_neighbors': 1, 'weights': 'distance'}",0.5816123195823083,0.2848,0.5672,0.3396
177,KNN,"KNeighborsClassifier(algorithm='kd_tree', leaf_size=30, metric='minkowski',
           metric_params=None, n_jobs=1, n_neighbors=100, p=2,
           weights='distance')","{'algorithm': 'kd_tree', 'n_neighbors': 5, 'weights': 'uniform'}",0.6987274492593346,0.4053333333333333,0.3472,0.3396
178,KNN,"KNeighborsClassifier(algorithm='kd_tree', leaf_size=30, metric='minkowski',
           metric_params=None, n_jobs=1, n_neighbors=100, p=2,
           weights='distance')","{'algorithm': 'kd_tree', 'n_neighbors': 5, 'weights': 'distance'}",0.6845369480454716,0.36906666666666665,0.3216,0.3396
179,KNN,"KNeighborsClassifier(algorithm='kd_tree', leaf_size=30, metric='minkowski',
           metric_params=None, n_jobs=1, n_neighbors=100, p=2,
           weights='distance')","{'algorithm': 'kd_tree', 'n_neighbors': 10, 'weights': 'uniform'}",0.7366550197516344,0.45066666666666666,0.3277333333333333,0.2172
180,KNN,"KNeighborsClassifier(algorithm='kd_tree', leaf_size=30, metric='minkowski',
           metric_params=None, n_jobs=1, n_neighbors=100, p=2,
           weights='distance')","{'algorithm': 'kd_tree', 'n_neighbors': 10, 'weights': 'distance'}",0.7150720237466003,0.40746666666666664,0.3032,0.19933333333333333
181,KNN,"KNeighborsClassifier(algorithm='kd_tree', leaf_size=30, metric='minkowski',
           metric_params=None, n_jobs=1, n_neighbors=100, p=2,
           weights='distance')","{'algorithm': 'kd_tree', 'n_neighbors': 25, 'weights': 'uniform'}",0.7598052220913268,0.4144,0.3312,0.22946666666666668
182,KNN,"KNeighborsClassifier(algorithm='kd_tree', leaf_size=30, metric='minkowski',
           metric_params=None, n_jobs=1, n_neighbors=100, p=2,
           weights='distance')","{'algorithm': 'kd_tree', 'n_neighbors': 25, 'weights': 'distance'}",0.7293427493542257,0.4128,0.30186666666666667,0.21213333333333334
183,KNN,"KNeighborsClassifier(algorithm='kd_tree', leaf_size=30, metric='minkowski',
           metric_params=None, n_jobs=1, n_neighbors=100, p=2,
           weights='distance')","{'algorithm': 'kd_tree', 'n_neighbors': 50, 'weights': 'uniform'}",0.7721407841284114,0.41973333333333335,0.3216,0.22853333333333334
184,KNN,"KNeighborsClassifier(algorithm='kd_tree', leaf_size=30, metric='minkowski',
           metric_params=None, n_jobs=1, n_neighbors=100, p=2,
           weights='distance')","{'algorithm': 'kd_tree', 'n_neighbors': 50, 'weights': 'distance'}",0.7378850129229009,0.40426666666666666,0.3048,0.21453333333333333
185,KNN,"KNeighborsClassifier(algorithm='kd_tree', leaf_size=30, metric='minkowski',
           metric_params=None, n_jobs=1, n_neighbors=100, p=2,
           weights='distance')","{'algorithm': 'kd_tree', 'n_neighbors': 100, 'weights': 'uniform'}",0.7824776388543342,0.40586666666666665,0.31866666666666665,0.21706666666666666
186,KNN,"KNeighborsClassifier(algorithm='kd_tree', leaf_size=30, metric='minkowski',
           metric_params=None, n_jobs=1, n_neighbors=100, p=2,
           weights='distance')","{'algorithm': 'kd_tree', 'n_neighbors': 100, 'weights': 'distance'}",0.7462075973444445,0.4,0.312,0.20306666666666667
187,BAG,"BaggingClassifier(base_estimator=None, bootstrap=True,
         bootstrap_features=False, max_features=1.0, max_samples=1,
         n_estimators=15, n_jobs=1, oob_score=False, random_state=None,
         verbose=0, warm_start=False)","{'max_features': 1.0, 'max_samples': 0.65, 'n_estimators': 5}",0.775871240903891,0.4053333333333333,0.32293333333333335,0.20933333333333334
188,BAG,"BaggingClassifier(base_estimator=None, bootstrap=True,
         bootstrap_features=False, max_features=1.0, max_samples=1,
         n_estimators=15, n_jobs=1, oob_score=False, random_state=None,
         verbose=0, warm_start=False)","{'max_features': 1.0, 'max_samples': 0.65, 'n_estimators': 8}",0.7874957690393846,0.42293333333333333,0.3237333333333333,0.21333333333333335
189,BAG,"BaggingClassifier(base_estimator=None, bootstrap=True,
         bootstrap_features=False, max_features=1.0, max_samples=1,
         n_estimators=15, n_jobs=1, oob_score=False, random_state=None,
         verbose=0, warm_start=False)","{'max_features': 1.0, 'max_samples': 0.65, 'n_estimators': 10}",0.7902456786128339,0.4288,0.3221333333333333,0.21213333333333334
190,BAG,"BaggingClassifier(base_estimator=None, bootstrap=True,
         bootstrap_features=False, max_features=1.0, max_samples=1,
         n_estimators=15, n_jobs=1, oob_score=False, random_state=None,
         verbose=0, warm_start=False)","{'max_features': 1.0, 'max_samples': 0.65, 'n_estimators': 15}",0.7937864252530216,0.4266666666666667,0.3272,0.2156
191,BAG,"BaggingClassifier(base_estimator=None, bootstrap=True,
         bootstrap_features=False, max_features=1.0, max_samples=1,
         n_estimators=15, n_jobs=1, oob_score=False, random_state=None,
         verbose=0, warm_start=False)","{'max_features': 1.0, 'max_samples': 1, 'n_estimators': 5}",0.5,1.0,0.6792,0.3396
192,BAG,"BaggingClassifier(base_estimator=None, bootstrap=True,
         bootstrap_features=False, max_features=1.0, max_samples=1,
         n_estimators=15, n_jobs=1, oob_score=False, random_state=None,
         verbose=0, warm_start=False)","{'max_features': 1.0, 'max_samples': 1, 'n_estimators': 8}",0.5,1.0,0.6792,0.3396
193,BAG,"BaggingClassifier(base_estimator=None, bootstrap=True,
         bootstrap_features=False, max_features=1.0, max_samples=1,
         n_estimators=15, n_jobs=1, oob_score=False, random_state=None,
         verbose=0, warm_start=False)","{'max_features': 1.0, 'max_samples': 1, 'n_estimators': 10}",0.5,1.0,0.6792,0.3396
194,BAG,"BaggingClassifier(base_estimator=None, bootstrap=True,
         bootstrap_features=False, max_features=1.0, max_samples=1,
         n_estimators=15, n_jobs=1, oob_score=False, random_state=None,
         verbose=0, warm_start=False)","{'max_features': 1.0, 'max_samples': 1, 'n_estimators': 15}",0.5,1.0,0.6792,0.3396
